{"cameraMode":{"drawMode":0,"name":"Shaded","section":"Shading Mode"},"sceneLighting":true,"audioPlay":false,"sceneViewState":{"showFog":true,"showMaterialUpdate":false,"showSkybox":true,"showFlares":true,"showImageEffects":true,"showParticleSystems":true},"in2DMode":false,"pivot":{"x":0.012461379170417786,"y":0.42787814140319826,"z":-0.4053215980529785},"rotation":{"x":0.010234428569674492,"y":0.9267128109931946,"z":-0.37477990984916689,"w":0.025306645780801774},"size":4.657884120941162,"orthographic":false}